<!DOCTYPE jboss-web PUBLIC
   "-//JBoss//DTD Web Application 5.0//EN"
   "http://www.jboss.org/j2ee/dtd/jboss-web_5_0.dtd">
   
<jboss-web>
   <!-- Uncomment the security-domain to enable security. You will
      need to edit the htmladaptor login configuration to setup the
      login modules used to authentication users.
   -->
	<context-root>/app</context-root>
	<replication-config>
		<replication-trigger>SET_AND_NON_PRIMITIVE_GET</replication-trigger>
		<replication-granularity>SESSION</replication-granularity>
	</replication-config>

</jboss-web>
